zip_cd,first_dose_administered,second_dose_administered,single_dose_administered,all_doses_administered,fully_vaccinated,population_16_and_over,population_margin_of_error
46001,3233,2654,106,5993,2760,8124,384
46011,6653,5502,292,12447,5794,13853,486
46012,7077,5914,286,13277,6200,16836,585
46013,6349,5220,326,11895,5546,13724,650
46016,3474,2559,294,6327,2853,14025,667
46017,2130,1760,97,3987,1857,4738,333
46030,1006,751,56,1813,807,2509,309
46031,704,508,49,1261,557,2082,327
46032,26817,19751,2200,48768,21951,40024,876
46033,20964,15895,1688,38547,17583,29459,714
46034,2888,2211,209,5308,2420,5411,415
46035,312,232,12,556,244,944,160
46036,3133,2347,284,5764,2631,9529,331
46037,22177,16693,1678,40548,18371,30793,1043
46038,19645,14101,1439,35185,15540,32910,774
46039,189,152,Suppressed,343,154,436,128
46040,6555,4884,462,11901,5346,9300,739
46041,6633,4943,323,11899,5266,17002,370
46044,943,775,35,1753,810,2492,209
46045,Suppressed,Suppressed,Suppressed,Suppressed,Suppressed,39,43
46047,Suppressed,Suppressed,Suppressed,Suppressed,Suppressed,37,55
46048,484,334,42,860,376,1504,222
46049,222,157,14,393,171,973,189
46050,494,393,39,926,432,1590,226
46051,964,774,45,1783,819,2228,190
46052,8231,6095,442,14768,6537,18179,417
46055,6315,4771,463,11549,5234,9356,559
46056,764,602,65,1431,667,1704,222
46057,287,230,7,524,237,982,178
46058,865,689,19,1573,708,1975,227
46060,17049,12206,1076,30331,13282,31087,946
46062,16857,12377,1208,30442,13585,26895,973
46063,84,71,5,160,76,434,103
46064,6910,5366,366,12642,5732,13997,436
46065,1068,841,38,1947,879,2563,251
46068,803,610,59,1472,669,2269,212
46069,2185,1603,184,3972,1787,5774,497
46070,676,587,24,1287,611,1799,138
46071,1034,787,70,1891,857,2620,268
46072,3146,2197,145,5488,2342,7069,296
46074,19917,13951,1469,35337,15420,25033,981
46075,3403,2402,276,6081,2678,4735,419
46076,385,276,19,680,295,1247,224
46077,17026,13015,1521,31562,14536,21509,550
46103,84,65,Suppressed,151,67,128,55
46104,320,276,6,602,282,771,156
46105,523,444,44,1011,488,1390,297
46106,3032,2158,227,5417,2385,5073,444
46107,3986,2841,336,7163,3177,10611,353
46110,173,141,7,321,148,505,194
46111,75,54,6,135,60,171,46
46112,17243,12770,1521,31534,14291,29591,765
46113,4275,3153,400,7828,3553,11718,702
46115,599,499,21,1119,520,1501,212
46117,218,181,Suppressed,401,183,657,267
46118,1639,1356,99,3094,1455,3986,331
46120,1610,1347,124,3081,1471,4353,484
46121,1618,1334,98,3050,1432,4579,421
46122,6260,4984,343,11587,5327,12566,522
46123,17628,13368,1186,32182,14554,28677,963
46124,2428,1858,117,4403,1975,7049,474
46125,Suppressed,Suppressed,Suppressed,Suppressed,Suppressed,55,75
46126,1526,1259,78,2863,1337,3901,366
46127,132,122,Suppressed,256,124,235,116
46128,604,488,48,1140,536,1528,281
46130,849,707,45,1601,752,2242,428
46131,11010,8118,560,19688,8678,26098,703
46133,238,213,5,456,218,657,143
46135,5870,4676,782,11328,5458,17517,470
46140,16201,12508,645,29354,13153,32491,656
46142,12452,9605,889,22946,10494,24005,969
46143,22192,15752,1563,39507,17315,43272,1281
46144,40,31,Suppressed,74,34,133,68
46146,58,47,Suppressed,106,48,234,131
46147,903,689,77,1669,766,2523,227
46148,1597,1352,39,2988,1391,4365,285
46149,676,532,51,1259,583,1574,211
46150,268,235,6,509,241,873,216
46151,9538,6826,660,17024,7486,25169,695
46155,40,36,Suppressed,78,38,109,106
46156,371,327,6,704,333,1070,212
46157,1122,834,94,2050,928,3133,380
46158,7947,6203,670,14820,6873,18712,718
46160,1872,1398,96,3366,1494,5484,562
46161,797,662,47,1506,709,2122,262
46162,183,155,16,354,171,277,123
46163,5958,4864,306,11128,5170,10119,519
46164,1435,1110,67,2612,1177,3649,318
46165,500,407,16,923,423,1313,266
46166,479,317,31,827,348,1720,297
46167,2707,2082,274,5063,2356,5455,313
46168,14794,11348,961,27103,12309,28227,853
46171,528,444,28,1000,472,1311,169
46172,617,517,41,1175,558,2002,236
46173,3577,3207,30,6814,3237,8164,349
46175,141,122,5,268,127,464,163
46176,9905,7661,400,17966,8061,21700,373
46180,288,250,11,549,261,802,155
46181,1633,1242,83,2958,1325,4113,331
46182,660,563,22,1245,585,1314,240
46183,Suppressed,Suppressed,Suppressed,Suppressed,Suppressed,15,25
46184,3769,2628,257,6654,2885,11012,778
46186,505,406,22,933,428,1405,213
46201,7965,5276,931,14172,6207,23474,925
46202,9630,6516,905,17051,7421,18986,881
46203,10374,6807,1052,18233,7859,29184,1217
46204,4042,2571,507,7120,3078,8250,637
46205,10795,7697,1123,19615,8820,21755,756
46208,7698,5441,744,13883,6185,18472,895
46214,7611,5360,924,13895,6284,19324,931
46216,1087,899,100,2086,999,2079,239
46217,11729,8359,989,21077,9348,26807,1230
46218,6520,4831,596,11947,5427,22924,1185
46219,11986,8796,1042,21824,9838,29235,1046
46220,18970,14309,1773,35052,16082,30462,796
46221,6297,4178,824,11299,5002,20292,774
46222,7891,5074,1249,14214,6323,27062,1012
46224,9193,6162,1463,16818,7625,27167,1123
46225,1776,1134,175,3085,1309,4598,483
46226,10790,8004,940,19734,8944,34274,1340
46227,16300,11329,1145,28774,12474,43925,1219
46228,6787,5252,568,12607,5820,12619,822
46229,7746,5597,668,14011,6265,22187,1111
46231,3634,2561,301,6496,2862,7685,767
46234,10015,7311,1036,18362,8347,20561,1229
46235,6798,4554,589,11941,5143,23359,1040
46236,11956,9181,988,22125,10169,22551,969
46237,16009,11541,1155,28705,12696,30502,999
46239,10652,7545,884,19081,8429,22796,1179
46240,9794,7430,794,18018,8224,17178,793
46241,6853,4454,880,12187,5334,23182,1025
46250,8234,6056,631,14921,6687,15371,887
46254,11200,7817,1150,20167,8967,30277,916
46256,10831,8541,894,20266,9435,19812,939
46259,5586,4185,429,10200,4614,8393,542
46260,13574,10500,972,25046,11472,26249,1074
46268,9926,7155,756,17837,7911,20455,820
46278,4619,3661,399,8679,4060,7253,563
46280,3558,2539,302,6399,2841,5587,480
46290,131,115,7,253,122,187,140
46301,482,402,20,904,422,491,98
46303,4970,3372,164,8506,3536,11573,576
46304,10552,7449,632,18633,8081,20250,526
46307,26212,18754,1130,46096,19884,50445,749
46310,3903,2719,242,6864,2961,11156,362
46311,8707,6042,395,15144,6437,17625,512
46312,5683,3473,724,9880,4197,21050,481
46319,5417,3665,382,9464,4047,14380,429
46320,3233,2231,186,5650,2417,10375,523
46321,11219,7759,529,19507,8288,18537,296
46322,8945,5991,398,15334,6389,18546,284
46323,5472,3331,444,9247,3775,17466,694
46324,5453,3361,377,9191,3738,16533,607
46327,2439,1509,187,4135,1696,8726,541
46340,382,296,13,691,309,588,120
46341,3147,2230,212,5589,2442,8004,385
46342,10257,7331,601,18189,7932,24135,625
46345,72,60,Suppressed,132,60,163,89
46346,304,205,15,524,220,894,159
46347,1426,1007,114,2547,1121,3702,173
46348,321,236,21,578,257,828,129
46349,774,543,23,1340,566,2656,353
46350,15884,11404,820,28108,12224,34087,680
46356,5602,3869,235,9706,4104,13827,500
46360,15244,11352,893,27489,12245,35194,595
46365,334,253,22,609,275,680,211
46366,1516,1205,66,2787,1271,4461,254
46368,12617,8341,763,21721,9104,31381,456
46371,1203,916,48,2167,964,2578,478
46373,7020,4966,381,12367,5347,12829,443
46374,316,245,17,578,262,618,142
46375,10082,7124,527,17733,7651,19839,590
46376,86,56,Suppressed,146,60,195,89
46377,88,52,5,145,57,260,138
46379,Suppressed,Suppressed,Suppressed,Suppressed,Suppressed,81,73
46381,60,41,Suppressed,103,43,176,103
46382,721,549,27,1297,576,1366,197
46383,16021,11403,1341,28765,12744,34707,769
46385,16114,11528,1211,28853,12739,31265,900
46390,923,647,68,1638,715,2646,231
46391,2471,1632,119,4222,1751,8601,424
46392,1888,1276,149,3313,1425,6239,323
46393,100,61,6,167,67,276,156
46394,3669,2504,270,6443,2774,10311,411
46402,1054,707,64,1825,771,4866,353
46403,3334,2485,267,6086,2752,10929,629
46404,3716,2731,204,6651,2935,13678,704
46405,2614,1697,200,4511,1897,8082,473
46406,1702,1101,184,2987,1285,7080,502
46407,2142,1440,128,3710,1568,8568,479
46408,3258,2224,349,5831,2573,12480,649
46409,1325,872,103,2300,975,5771,388
46410,12198,8737,581,21516,9318,29853,812
46501,889,715,66,1670,781,2670,263
46502,Suppressed,Suppressed,Suppressed,Suppressed,Suppressed,58,97
46504,763,585,65,1413,650,2758,186
46506,2552,2056,204,4812,2260,7521,447
46507,2598,2018,221,4837,2239,7053,417
46508,Suppressed,Suppressed,Suppressed,Suppressed,Suppressed,93,36
46510,695,529,41,1265,570,3136,345
46511,1600,1255,90,2945,1345,3561,256
46514,12716,9564,878,23158,10442,32766,820
46516,8110,5546,774,14430,6320,23266,1036
46517,5986,4190,449,10625,4639,20061,1055
46524,315,236,20,571,256,1638,268
46526,11430,8841,339,20610,9180,25590,879
46528,6640,4989,279,11908,5268,19076,971
46530,15301,12145,1196,28642,13341,24268,701
46531,318,264,11,593,275,1303,214
46532,488,374,24,886,398,1248,213
46534,2859,2228,212,5299,2440,9053,333
46536,969,772,87,1828,859,2542,188
46537,113,91,12,216,103,377,194
46538,1327,1075,93,2495,1168,3224,350
46539,485,363,30,878,393,2148,231
46540,2377,1899,113,4389,2012,8858,432
46542,1038,771,42,1851,813,3146,224
46543,429,320,21,770,341,2295,296
46544,10511,8073,858,19442,8931,25014,725
46545,9582,7088,709,17379,7797,20761,691
46550,1946,1532,162,3640,1694,9248,437
46552,2356,1853,174,4383,2027,5365,330
46553,756,602,42,1400,644,2370,239
46554,1350,1076,94,2520,1170,3893,286
46555,817,660,42,1519,702,2111,218
46556,5863,3365,229,9457,3594,7260,900
46561,4423,3321,378,8122,3699,10237,679
46562,1075,820,100,1995,920,3919,292
46563,7217,5794,391,13402,6185,18360,460
46565,781,635,19,1435,654,5884,370
46567,2822,2254,137,5213,2391,7230,375
46570,230,190,14,434,204,723,152
46571,442,340,7,789,347,3341,272
46573,909,744,108,1761,852,2962,161
46574,2307,1832,137,4276,1969,7692,735
46580,6597,4660,435,11692,5095,17206,590
46582,4158,2914,324,7396,3238,10181,555
46590,1379,990,104,2473,1094,4148,208
46595,Suppressed,Suppressed,Suppressed,Suppressed,Suppressed,87,41
46601,1608,1184,330,3122,1514,4527,431
46613,2355,1611,238,4204,1849,8753,651
46614,11874,9667,838,22379,10505,24293,778
46615,4970,3786,451,9207,4237,10654,521
46616,2074,1554,184,3812,1738,4278,430
46617,5537,4036,460,10033,4496,7684,401
46619,6084,4576,437,11097,5013,15896,745
46628,8757,7004,589,16350,7593,19907,681
46635,2938,2382,202,5522,2584,5260,405
46637,7440,5475,646,13561,6121,13658,583
46701,2251,1772,94,4117,1866,6666,359
46702,533,405,79,1017,484,1719,184
46703,6478,5672,142,12292,5814,15224,334
46704,Suppressed,Suppressed,Suppressed,Suppressed,Suppressed,29,34
46705,384,302,17,703,319,1251,199
46706,6613,4912,195,11720,5107,15104,510
46710,1351,1037,59,2447,1096,3552,315
46711,1613,1431,162,3206,1593,5685,396
46714,4427,3481,167,8075,3648,11596,464
46721,1115,793,27,1935,820,3925,323
46723,2345,1855,78,4278,1933,6232,330
46725,7743,5696,364,13803,6060,18821,459
46730,410,324,20,754,344,944,186
46731,180,141,Suppressed,324,144,624,220
46732,608,446,33,1087,479,2282,287
46733,5826,4995,304,11125,5299,14495,432
46737,2596,2330,61,4987,2391,6045,238
46738,2108,1466,71,3645,1537,6540,270
46740,599,535,55,1189,590,2698,308
46741,744,563,30,1337,593,3325,360
46742,1191,1064,31,2286,1095,2632,255
46743,557,466,28,1051,494,1581,247
46745,696,588,27,1311,615,1691,218
46746,1030,857,31,1918,888,3770,360
46747,728,631,29,1388,660,1920,249
46748,2554,1968,80,4602,2048,3639,308
46750,7523,5621,886,14030,6507,21468,350
46755,4421,3559,263,8243,3822,11880,372
46759,124,102,Suppressed,230,106,366,125
46760,358,253,13,624,266,1027,190
46761,2430,2058,71,4559,2129,8615,464
46763,527,450,26,1003,476,1418,244
46764,345,235,13,593,248,1121,255
46765,2006,1559,61,3626,1620,4320,377
46766,121,92,Suppressed,215,94,656,198
46767,1861,1210,69,3140,1279,5899,333
46770,835,658,69,1562,727,2493,257
46771,Suppressed,Suppressed,Suppressed,Suppressed,Suppressed,34,38
46772,395,339,30,764,369,2018,280
46773,1162,974,37,2173,1011,2730,213
46774,5675,4643,190,10508,4833,13286,644
46776,461,400,10,871,410,1311,308
46777,2122,1660,70,3852,1730,4980,241
46779,625,559,14,1198,573,1587,197
46781,211,166,12,389,178,636,117
46783,2727,2166,226,5119,2392,5121,305
46784,719,573,49,1341,622,1725,219
46785,363,261,13,637,274,1292,223
46786,Suppressed,Suppressed,Suppressed,Suppressed,Suppressed,39,32
46787,966,734,76,1776,810,2862,267
46788,785,618,45,1448,663,2358,336
46791,248,196,15,459,211,665,180
46792,1239,1027,72,2338,1099,3046,261
46793,1126,852,45,2023,897,3759,314
46794,344,267,16,627,283,1362,215
46795,1795,1571,69,3435,1640,5231,383
46797,945,768,39,1752,807,2873,275
46798,440,367,19,826,386,1293,208
46799,116,90,Suppressed,210,94,179,61
46802,2884,1955,160,4999,2115,8566,502
46803,1450,939,70,2459,1009,6897,484
46804,12699,10043,545,23287,10588,22901,540
46805,7095,5263,209,12567,5472,17353,592
46806,4390,2951,182,7523,3133,17479,840
46807,4747,3354,198,8299,3552,12601,662
46808,5461,3926,193,9580,4119,15389,555
46809,2553,1946,103,4602,2049,7266,510
46814,7617,5940,405,13962,6345,9505,515
46815,10051,7867,290,18208,8157,21818,728
46816,4504,3312,204,8020,3516,13981,769
46818,7437,5690,319,13446,6009,16165,694
46819,2963,2307,96,5366,2403,7863,396
46825,11117,8572,352,20041,8924,23956,692
46835,14029,10990,462,25481,11452,28218,780
46845,12503,9934,376,22813,10310,17524,522
46901,9897,7482,722,18101,8204,31543,860
46902,11585,8821,665,21071,9486,28708,731
46910,844,600,65,1509,665,2645,216
46911,301,241,12,554,253,1088,176
46913,377,305,11,693,316,905,158
46914,938,469,34,1441,503,1516,262
46915,207,174,6,387,180,560,90
46917,451,358,18,827,376,1386,213
46919,569,468,18,1055,486,1932,299
46920,287,239,14,540,253,866,167
46922,Suppressed,Suppressed,Suppressed,Suppressed,Suppressed,18,31
46923,2512,1879,54,4445,1933,6525,328
46926,390,328,12,730,340,1104,161
46928,1398,1205,31,2634,1236,3334,216
46929,886,664,26,1576,690,2355,248
46930,Suppressed,Suppressed,Suppressed,Suppressed,Suppressed,89,36
46931,58,42,6,106,48,149,60
46932,851,704,42,1597,746,2541,202
46933,1729,1494,31,3254,1525,4737,230
46936,1729,1328,115,3172,1443,4747,346
46938,707,615,26,1348,641,2369,285
46939,566,476,23,1065,499,1490,207
46940,699,620,26,1345,646,2164,231
46941,266,231,10,507,241,736,132
46943,23,18,6,47,24,156,79
46946,Suppressed,Suppressed,Suppressed,Suppressed,Suppressed,34,31
46947,7739,5876,842,14457,6718,22187,409
46950,167,144,9,320,153,480,135
46951,479,396,24,899,420,1495,218
46952,6470,5697,133,12300,5830,15024,652
46953,5399,4538,121,10058,4659,19574,724
46957,158,123,5,286,128,491,125
46958,127,110,6,243,116,395,164
46959,42,37,Suppressed,80,38,724,291
46960,325,287,9,621,296,918,190
46961,16,12,Suppressed,30,14,162,125
46962,2714,2285,172,5171,2457,7458,258
46967,Suppressed,Suppressed,Suppressed,Suppressed,Suppressed,82,30
46968,Suppressed,Suppressed,Suppressed,Suppressed,Suppressed,70,58
46970,5825,4626,243,10694,4869,19180,384
46974,382,326,18,726,344,1561,209
46975,3876,3134,229,7239,3363,11221,315
46978,556,483,25,1064,508,1661,209
46979,1505,1173,120,2798,1293,3748,337
46982,529,412,39,980,451,2059,292
46984,91,81,Suppressed,173,82,142,80
46985,397,358,9,764,367,1144,208
46986,551,478,13,1042,491,1332,219
46987,299,271,10,580,281,729,173
46988,173,142,6,321,148,746,182
46989,1346,998,45,2389,1043,4219,216
46990,193,158,9,360,167,559,133
46991,407,345,13,765,358,1306,188
46992,4654,3977,155,8786,4132,13385,326
46994,664,548,51,1263,599,2206,327
46996,2324,2079,51,4454,2130,5033,281
46998,21,16,Suppressed,39,18,202,104
47001,3097,2351,189,5637,2540,8602,419
47003,258,190,37,485,227,691,143
47006,4763,4261,133,9157,4394,9192,414
47010,84,75,7,166,82,180,103
47011,199,161,27,387,188,594,214
47012,2919,2400,122,5441,2522,7819,478
47016,271,210,8,489,218,633,165
47017,147,129,19,295,148,432,114
47018,1207,927,122,2256,1049,3445,296
47020,241,183,16,440,199,954,222
47022,1008,803,51,1862,854,2395,350
47023,399,342,19,760,361,1210,236
47024,520,447,20,987,467,2684,310
47025,7635,5551,459,13645,6010,17810,411
47030,351,301,8,660,309,1496,370
47031,1424,1213,56,2693,1269,4387,301
47032,925,684,71,1680,755,2442,183
47034,48,37,Suppressed,85,37,100,48
47035,56,38,Suppressed,95,39,246,131
47036,500,467,14,981,481,701,194
47037,1098,932,43,2073,975,3632,303
47038,240,196,35,471,231,1259,202
47040,1678,1432,196,3306,1628,4176,239
47041,1649,1421,74,3144,1495,5238,390
47042,1195,1000,72,2267,1072,3411,282
47043,1459,1198,73,2730,1271,4402,254
47060,2095,1588,106,3789,1694,4916,441
47102,1686,1237,135,3058,1372,5578,345
47104,Suppressed,Suppressed,Suppressed,Suppressed,Suppressed,0,12
47106,1576,1366,224,3166,1590,3836,310
47108,613,470,48,1131,518,1876,305
47110,92,70,10,172,80,255,110
47111,5476,4641,790,10907,5431,13152,448
47112,5991,4803,538,11332,5341,13248,439
47114,138,114,10,262,124,219,111
47115,800,688,71,1559,759,2288,395
47116,195,156,11,362,167,575,177
47117,1427,1217,125,2769,1342,3507,390
47118,921,722,104,1747,826,2668,301
47119,5315,4642,573,10530,5215,9521,441
47120,262,209,20,491,229,656,237
47122,4435,3768,411,8614,4179,8396,543
47123,Suppressed,Suppressed,Suppressed,Suppressed,Suppressed,86,52
47124,1907,1596,186,3689,1782,3997,313
47125,475,396,44,915,440,1133,181
47126,1479,1271,219,2969,1490,3862,281
47129,6615,5580,634,12829,6214,16220,359
47130,17227,14559,1853,33639,16412,37715,432
47135,356,307,30,693,337,806,234
47136,1752,1482,157,3391,1639,3427,386
47137,484,362,46,892,408,1223,212
47138,1268,1012,101,2381,1113,3612,395
47140,748,571,83,1402,654,2121,233
47141,444,380,66,890,446,1196,202
47142,216,168,24,408,192,823,205
47143,1171,1024,182,2377,1206,2389,244
47145,612,488,49,1149,537,1570,250
47147,338,286,31,655,317,913,261
47150,18286,15266,1776,35328,17042,38731,501
47160,Suppressed,Suppressed,Suppressed,Suppressed,Suppressed,89,54
47161,1155,915,127,2197,1042,2728,469
47162,249,222,26,497,248,611,196
47163,479,420,74,973,494,1037,224
47164,1082,898,101,2081,999,3319,537
47165,1619,1297,215,3131,1512,4897,376
47166,488,417,34,939,451,1368,375
47167,4711,3587,432,8730,4019,11830,419
47170,4580,3592,462,8634,4054,12197,483
47172,7125,6108,1001,14234,7109,13480,517
47175,278,221,34,533,255,722,180
47177,413,336,41,790,377,987,242
47201,18042,12558,666,31266,13224,35533,768
47203,11826,8955,344,21125,9299,21265,730
47220,1771,1407,159,3337,1566,4559,337
47223,358,269,19,646,288,842,255
47224,113,98,6,217,104,411,171
47226,61,45,Suppressed,108,47,226,160
47227,383,309,28,720,337,1803,330
47229,864,661,86,1611,747,2468,245
47230,551,434,52,1037,486,1219,258
47231,282,226,16,524,242,640,176
47232,864,675,20,1559,695,2648,371
47234,453,357,16,826,373,1202,238
47235,522,416,31,969,447,1061,320
47240,7158,6016,372,13546,6388,17137,379
47243,1635,1296,156,3087,1452,4802,372
47244,238,192,Suppressed,434,196,570,144
47246,1420,1109,35,2564,1144,3666,449
47247,50,32,Suppressed,85,35,163,76
47250,8000,6336,491,14827,6827,18337,490
47260,435,335,39,809,374,1422,260
47263,48,37,Suppressed,88,40,209,64
47264,331,260,29,620,289,1040,290
47265,5526,4293,276,10095,4569,16233,577
47270,195,155,16,366,171,372,131
47272,594,502,19,1115,521,1693,317
47273,547,425,36,1008,461,1584,287
47274,9523,7041,623,17187,7664,24479,670
47280,291,224,12,527,236,661,264
47281,466,383,44,893,427,966,188
47282,118,89,Suppressed,208,90,227,95
47283,999,808,57,1864,865,2544,266
47302,7322,6009,223,13554,6232,20799,787
47303,7194,5684,189,13067,5873,21843,1053
47304,13651,11664,265,25580,11929,26872,1095
47305,968,729,57,1754,786,2881,315
47306,224,123,12,359,135,5096,422
47320,1449,1269,19,2737,1288,3069,261
47324,24,21,7,52,28,121,52
47325,181,161,17,359,178,603,176
47326,307,288,10,605,298,1403,211
47327,1187,1070,67,2324,1137,3579,254
47330,1784,1633,99,3516,1732,4163,249
47331,6037,5340,235,11612,5575,18085,250
47334,1072,920,35,2027,955,2649,195
47335,183,168,6,357,174,597,100
47336,998,866,28,1892,894,2573,213
47337,58,44,Suppressed,103,45,107,34
47338,768,633,9,1410,642,2205,192
47339,166,158,Suppressed,328,162,456,141
47340,911,800,17,1728,817,2201,236
47341,564,520,66,1150,586,1911,253
47342,845,726,30,1601,756,2136,320
47344,Suppressed,Suppressed,Suppressed,Suppressed,Suppressed,79,33
47345,359,342,28,729,370,1062,207
47346,1179,1069,74,2322,1143,3154,185
47348,2975,2268,45,5288,2313,7403,180
47351,116,93,Suppressed,213,97,365,68
47352,297,235,8,540,243,649,149
47353,1648,1438,174,3260,1612,4469,186
47354,346,317,5,668,322,839,151
47355,675,595,23,1293,618,2249,219
47356,1796,1515,70,3381,1585,4353,229
47357,320,295,18,633,313,660,181
47358,265,231,Suppressed,500,235,834,149
47359,741,561,21,1323,582,2372,196
47360,477,416,17,910,433,1084,185
47361,91,74,Suppressed,167,76,169,60
47362,10062,8029,249,18340,8278,24538,345
47367,Suppressed,Suppressed,Suppressed,Suppressed,Suppressed,57,42
47368,924,808,17,1749,825,2377,319
47369,266,232,17,515,249,1077,199
47371,3240,2817,102,6159,2919,9524,289
47373,568,524,19,1111,543,1956,143
47374,14753,13133,946,28832,14079,36977,466
47380,487,416,13,916,429,1220,205
47381,18,14,6,38,20,110,40
47382,45,38,Suppressed,83,38,191,55
47383,1008,906,19,1933,925,2663,373
47384,586,459,22,1067,481,1621,225
47385,509,408,13,930,421,1067,172
47386,412,350,6,768,356,1051,182
47387,186,149,8,343,157,602,160
47388,117,92,8,217,100,286,81
47390,1216,1046,56,2318,1102,3874,186
47393,381,357,28,766,385,1375,303
47394,2639,2289,88,5016,2377,6789,264
47396,3065,2673,66,5804,2739,5585,421
47401,22215,16234,1225,39674,17459,37273,938
47403,13391,9382,744,23517,10126,27472,792
47404,9377,6376,640,16393,7016,20546,939
47405,111,60,Suppressed,175,64,3697,451
47406,1401,618,105,2124,723,3945,263
47408,10429,6737,596,17762,7333,23215,1100
47420,57,48,7,112,55,343,210
47421,8787,6774,783,16344,7557,22093,586
47424,2927,2357,154,5438,2511,7455,380
47427,237,175,13,425,188,584,189
47429,3038,2239,175,5452,2414,7148,434
47431,379,280,29,688,309,1272,266
47432,1632,1427,115,3174,1542,3595,343
47433,1098,817,76,1991,893,3309,447
47434,Suppressed,Suppressed,Suppressed,Suppressed,Suppressed,0,12
47436,417,335,60,812,395,1191,255
47437,10,8,Suppressed,18,8,147,96
47438,1174,913,51,2138,964,3402,274
47441,3033,2393,115,5541,2508,7438,340
47443,336,268,11,615,279,1009,207
47446,2778,2254,234,5266,2488,8250,567
47448,3546,2807,95,6448,2902,6310,362
47449,167,141,8,316,149,342,144
47451,351,267,38,656,305,848,144
47452,1447,1243,112,2802,1355,4183,291
47453,114,92,8,214,100,582,137
47454,2645,2306,133,5084,2439,5825,318
47455,Suppressed,Suppressed,Suppressed,Suppressed,Suppressed,58,62
47456,330,259,23,612,282,1139,292
47457,7,Suppressed,Suppressed,12,5,136,72
47458,Suppressed,Suppressed,Suppressed,Suppressed,Suppressed,40,63
47459,1073,841,48,1962,889,2860,257
47460,3683,2704,220,6607,2924,9072,386
47462,1372,1009,134,2515,1143,3911,465
47464,56,40,Suppressed,100,44,179,69
47465,198,146,7,351,153,427,150
47467,Suppressed,Suppressed,Suppressed,Suppressed,Suppressed,85,99
47468,649,510,33,1192,543,1292,284
47469,536,476,41,1053,517,1379,169
47470,377,301,32,710,333,1336,350
47471,703,531,43,1277,574,2167,318
47501,4766,3912,634,9312,4546,13931,304
47512,970,866,57,1893,923,3234,336
47513,624,491,51,1166,542,1538,262
47514,708,140,10,858,150,1556,139
47515,238,194,27,459,221,684,177
47516,416,380,33,829,413,899,248
47519,100,92,9,201,101,661,314
47520,1019,795,60,1874,855,2277,207
47521,295,241,32,568,273,512,192
47522,43,37,Suppressed,83,40,373,63
47523,1082,850,71,2003,921,2612,260
47524,163,151,9,323,160,418,139
47525,159,123,6,288,129,255,72
47527,570,464,35,1069,499,1491,303
47528,201,183,5,389,188,392,135
47529,238,204,23,465,227,906,182
47531,341,277,19,637,296,741,154
47532,1878,1534,90,3502,1624,3734,231
47535,170,159,8,337,167,524,145
47536,Suppressed,Suppressed,Suppressed,Suppressed,Suppressed,0,12
47537,247,202,22,471,224,711,166
47541,399,314,36,749,350,968,199
47542,3048,2302,348,5698,2650,7511,404
47546,8497,6590,750,15837,7340,16930,495
47550,255,210,21,486,231,433,143
47551,220,176,18,414,194,644,170
47552,53,47,7,107,54,270,199
47553,1867,1501,215,3583,1716,6665,490
47557,373,331,22,726,353,1173,202
47558,466,410,76,952,486,2811,474
47561,432,390,47,869,437,1298,304
47562,935,787,62,1784,849,3353,356
47564,419,347,29,795,376,1040,191
47567,1896,1624,78,3598,1702,4982,217
47568,212,174,21,407,195,705,261
47574,79,64,Suppressed,143,64,184,157
47575,354,266,28,648,294,860,264
47576,127,102,9,238,111,282,82
47577,500,410,19,929,429,990,146
47578,233,203,11,447,214,640,151
47579,1120,916,98,2134,1014,2015,152
47580,102,86,Suppressed,191,89,341,172
47581,877,695,89,1661,784,2952,272
47584,31,24,Suppressed,56,25,127,47
47585,126,102,8,236,110,469,129
47586,4340,3470,296,8106,3766,8721,309
47588,202,170,13,385,183,518,137
47590,202,154,8,364,162,387,113
47591,9206,8219,603,18028,8822,21083,364
47596,Suppressed,Suppressed,Suppressed,Suppressed,Suppressed,61,48
47597,279,249,19,547,268,690,127
47598,822,702,46,1570,748,2350,220
47601,5473,4442,135,10050,4577,11085,344
47610,1887,1516,56,3459,1572,4359,387
47611,415,354,17,786,371,1165,196
47612,303,252,10,565,262,580,124
47613,1009,887,29,1925,916,2515,324
47615,480,400,20,900,420,1592,208
47616,99,90,Suppressed,191,92,225,130
47619,654,542,22,1218,564,1400,186
47620,5105,4370,80,9555,4450,10685,350
47630,18364,15107,355,33826,15462,28365,471
47631,925,816,10,1751,826,1805,241
47633,943,811,20,1774,831,2035,242
47634,710,595,31,1336,626,1780,160
47635,1805,1515,99,3419,1614,4399,186
47637,470,377,21,868,398,1076,195
47638,1403,1194,30,2627,1224,2737,255
47639,1919,1674,37,3630,1711,3111,201
47640,264,239,12,515,251,876,165
47648,1551,1307,77,2935,1384,3351,174
47649,405,349,22,776,371,1285,198
47654,Suppressed,Suppressed,Suppressed,Suppressed,Suppressed,89,73
47660,1510,1259,61,2830,1320,3928,235
47665,1113,962,52,2127,1014,2933,191
47666,453,395,23,871,418,1373,221
47670,3811,3155,175,7141,3330,9788,285
47683,Suppressed,Suppressed,Suppressed,Suppressed,Suppressed,170,69
47708,311,244,25,580,269,445,248
47710,6341,5144,209,11694,5353,15488,554
47711,12253,10131,367,22751,10498,25887,888
47712,9778,8294,187,18259,8481,22083,741
47713,3120,2458,150,5728,2608,8077,569
47714,11324,9389,256,20969,9645,27344,704
47715,12784,10655,247,23686,10902,22000,658
47720,7745,6779,133,14657,6912,14205,658
47725,9282,7869,229,17380,8098,13128,424
47802,11904,9603,513,22020,10116,28359,741
47803,8800,7066,399,16265,7465,17607,697
47804,3251,2669,116,6036,2785,9230,543
47805,4645,3936,196,8777,4132,10124,381
47807,2575,1791,126,4492,1917,9714,648
47809,159,89,5,253,94,2516,255
47832,259,221,13,493,234,854,152
47833,256,181,20,457,201,651,238
47834,5344,4406,301,10051,4707,15460,380
47836,Suppressed,Suppressed,Suppressed,Suppressed,Suppressed,0,12
47837,274,208,17,499,225,844,189
47838,1153,787,53,1993,840,3447,149
47840,417,340,21,778,361,1223,216
47841,531,436,33,1000,469,1806,212
47842,3125,2532,183,5840,2715,7814,180
47846,193,163,7,363,170,424,114
47847,274,230,16,520,246,948,150
47848,465,369,39,873,408,1415,184
47849,120,103,17,240,120,452,161
47850,748,585,27,1360,612,1798,242
47853,74,61,Suppressed,137,63,104,45
47854,239,181,10,430,191,473,118
47855,159,118,9,286,127,428,92
47857,160,135,Suppressed,299,139,387,126
47858,146,125,7,278,132,534,174
47859,213,177,11,401,188,747,180
47860,49,40,Suppressed,91,42,359,100
47861,133,119,19,271,138,464,126
47862,366,297,23,686,320,1065,192
47863,56,44,Suppressed,103,47,249,159
47865,Suppressed,Suppressed,Suppressed,Suppressed,Suppressed,55,69
47866,157,125,5,287,130,462,145
47868,626,474,41,1141,515,2424,283
47869,40,33,Suppressed,74,34,124,102
47871,59,45,5,109,50,226,89
47872,2349,1715,124,4188,1839,7206,334
47874,946,807,51,1804,858,2573,327
47876,183,149,Suppressed,333,150,348,113
47879,806,620,52,1478,672,2753,329
47880,Suppressed,Suppressed,Suppressed,Suppressed,Suppressed,58,49
47881,82,69,5,156,74,275,88
47882,2549,2038,230,4817,2268,6331,315
47884,76,66,Suppressed,142,66,164,44
47885,2925,2521,116,5562,2637,7238,244
47901,1389,848,87,2324,935,3350,446
47904,4844,3131,191,8166,3322,13886,550
47905,16318,11664,522,28504,12186,32321,807
47906,39002,28091,1121,68214,29212,67260,625
47907,Suppressed,Suppressed,Suppressed,Suppressed,Suppressed,0,12
47909,14780,9990,664,25434,10654,33384,757
47916,Suppressed,Suppressed,Suppressed,Suppressed,Suppressed,31,31
47917,88,70,27,185,97,403,107
47918,1832,1556,78,3466,1634,4690,214
47920,1079,832,30,1941,862,1779,292
47921,304,212,66,582,278,835,112
47922,380,298,34,712,332,1282,196
47923,1330,1009,40,2379,1049,2616,186
47924,38,29,Suppressed,67,29,162,130
47925,53,41,Suppressed,97,44,117,85
47926,256,205,8,469,213,1187,283
47928,455,404,26,885,430,1629,202
47929,251,201,8,460,209,508,90
47930,365,259,12,636,271,971,188
47932,1406,1203,56,2665,1259,4202,263
47933,8973,6813,345,16131,7158,22214,364
47940,369,287,16,672,303,1382,177
47941,441,324,9,774,333,1107,169
47942,197,133,8,338,141,620,94
47943,215,126,25,366,151,906,391
47944,1194,872,47,2113,919,2765,134
47946,519,421,19,959,440,1809,233
47948,309,231,17,557,248,1118,181
47949,327,255,22,604,277,864,114
47950,196,149,6,351,155,567,157
47951,674,548,10,1232,558,1788,146
47952,580,485,31,1096,516,2331,299
47954,600,487,35,1122,522,1826,196
47955,310,237,6,553,243,792,128
47957,382,327,13,722,340,1433,253
47958,41,33,Suppressed,76,35,117,40
47959,654,480,15,1149,495,2163,165
47960,5655,4257,146,10058,4403,12040,408
47963,546,413,17,976,430,1714,239
47964,Suppressed,Suppressed,Suppressed,Suppressed,Suppressed,84,31
47965,155,117,5,277,122,473,116
47966,125,108,11,244,119,292,76
47967,202,151,Suppressed,354,152,545,112
47968,282,227,12,521,239,867,194
47969,Suppressed,Suppressed,Suppressed,Suppressed,Suppressed,77,28
47970,604,466,27,1097,493,1405,197
47971,584,415,24,1023,439,1497,166
47974,247,214,20,481,234,999,158
47975,261,229,11,501,240,536,105
47977,643,471,33,1147,504,1845,218
47978,2861,2022,324,5207,2346,9004,397
47980,323,246,8,577,254,877,123
47981,266,186,12,464,198,846,265
47982,27,25,Suppressed,52,25,142,38
47983,96,69,Suppressed,166,70,197,92
47987,872,753,56,1681,809,3268,185
47989,286,236,10,532,246,1068,205
47990,470,347,10,827,357,1479,236
47991,293,255,9,557,264,750,134
47992,537,411,27,975,438,1047,248
47993,1193,1035,43,2271,1078,2963,197
47994,147,125,11,283,136,257,59
47995,451,325,10,786,335,1285,136
47997,26,18,Suppressed,44,18,102,47
